field_param_1,field_param_2,field_param_3,field_param_4
0000000001,10,2025-02-10 12:12:12,true
0000000002,11,2025-02-09 12:12:13,true
0000000003,12,2025-02-09 12:12:14,true
0000000004,13,2025-02-09 12:12:15,true
0000000005,14,2025-02-09 12:12:16,true
0000000006,15,2025-02-09 12:12:17,true
0000000007,16,2025-02-09 12:12:18,true
0000000008,17,2025-02-09 12:12:19,true
0000000009,18,2025-02-09 12:12:20,false
0000000010,19,2025-02-09 12:12:21,false
0000000011,20,2025-02-09 12:12:22,false
0000000012,21,2025-02-09 12:12:23,false
0000000013,22,2025-02-09 12:12:24,false
0000000014,23,2025-02-09 12:12:25,false
0000000015,24,2025-02-09 12:12:26,false
0000000016,25,2025-02-09 12:12:27,false
0000000017,26,2025-02-09 12:12:28,false
0000000018,27,2025-02-09 12:12:29,false
0000000019,28,2025-02-09 12:12:30,false
0000000020,29,2025-02-09 12:12:31,false
0000000021,30,2025-02-09 12:12:32,false
0000000022,31,2025-02-09 12:12:33,false
0000000023,32,2025-02-09 12:12:34,false
0000000024,33,2025-02-09 12:12:35,false
0000000025,34,2025-02-09 12:12:36,false
0000000026,35,2025-02-09 12:12:37,false
0000000027,36,2025-02-09 12:12:38,false
0000000028,37,2025-02-09 12:12:39,false
0000000029,38,2025-02-09 12:12:40,false
0000000030,39,2025-02-09 12:12:41,false
0000000031,40,2025-02-09 12:12:42,false
0000000032,41,2025-02-09 12:12:43,false
0000000033,42,2025-02-09 12:12:44,false
0000000034,43,2025-02-09 12:12:45,false
0000000035,44,2025-02-09 12:12:46,false
0000000036,45,2025-02-09 12:12:47,false
0000000037,46,2025-02-09 12:12:48,true
0000000038,47,2025-02-09 12:12:49,true
0000000039,48,2025-02-09 12:12:50,true
0000000040,49,2025-02-09 12:12:51,true
0000000041,50,2025-02-09 12:12:52,true
0000000042,51,2025-02-09 12:12:53,true
0000000043,52,2025-02-09 12:12:54,true
0000000044,53,2025-02-09 12:12:55,true
0000000045,54,2025-02-09 12:12:56,true
0000000046,55,2025-02-09 12:12:57,true
0000000047,56,2025-02-09 12:12:58,true
0000000048,57,2025-02-09 12:12:59,true
0000000049,58,2025-02-09 12:13:00,true
0000000050,59,2025-02-09 12:13:01,true
0000000051,60,2025-02-09 12:13:02,true
0000000052,61,2025-02-09 12:13:03,true
0000000053,62,2025-02-09 12:13:04,true
0000000054,63,2025-02-09 12:13:05,true
0000000055,64,2025-02-09 12:13:06,true
0000000056,65,2025-02-09 12:13:07,true
0000000057,66,2025-02-09 12:13:08,true
0000000058,67,2025-02-09 12:13:09,true
0000000059,68,2025-02-09 12:13:10,true
0000000060,69,2025-02-09 12:13:11,true
0000000061,70,2025-02-09 12:13:12,true
0000000062,71,2025-02-09 12:13:13,true
0000000063,72,2025-02-09 12:13:14,true
0000000064,73,2025-02-09 12:13:15,true
0000000065,74,2025-02-09 12:13:16,true
0000000066,75,2025-02-09 12:13:17,true
0000000067,76,2025-02-09 12:13:18,true
0000000068,77,2025-02-09 12:13:19,true
0000000069,78,2025-02-09 12:13:20,true
0000000070,79,2025-02-09 12:13:21,true
0000000071,80,2025-02-09 12:13:22,true
0000000072,81,2025-02-09 12:13:23,true
0000000073,82,2025-02-09 12:13:24,true
0000000074,83,2025-02-09 12:13:25,true
0000000075,84,2025-02-09 12:13:26,true
0000000076,85,2025-02-09 12:13:27,true
0000000077,86,2025-02-09 12:13:28,true
0000000078,87,2025-02-09 12:13:29,true
0000000079,88,2025-02-09 12:13:30,true
0000000080,89,2025-02-09 12:13:31,true
0000000081,90,2025-02-09 12:13:32,true
0000000082,91,2025-02-09 12:13:33,true
0000000083,92,2025-02-09 12:13:34,true
0000000084,93,2025-02-09 12:13:35,true
0000000085,94,2025-02-09 12:13:36,true
0000000086,95,2025-02-09 12:13:37,true
0000000087,96,2025-02-09 12:13:38,true
0000000088,97,2025-02-09 12:13:39,
0000000089,98,2025-02-09 12:13:40,
0000000090,99,2025-02-09 12:13:41,
0000000091,1,2025-02-09 12:13:42,
0000000092,2,2025-02-09 12:13:43,
0000000093,3,2025-02-09 12:13:44,
0000000094,4,2025-02-09 12:13:45,
0000000095,5,2025-02-09 12:13:46,
0000000096,6,2025-02-09 12:13:47,
0000000097,7,2025-02-09 12:13:48,
0000000098,8,2025-02-09 12:13:49,
0000000099,9,2025-02-09 12:13:50,
0000000100,10,2025-02-09 12:13:51,
0000000101,11,2025-02-09 12:13:52,
0000000102,12,2025-02-09 12:13:53,
0000000103,13,2025-02-09 12:13:54,
0000000104,14,2025-02-09 12:13:55,
0000000105,15,2025-02-09 12:13:56,
0000000106,16,2025-02-09 12:13:57,
